Title,Company,Location,Link
Software Engineer - Early Career (2025),Figma,"New York, NY",https://www.linkedin.com/jobs/view/software-engineer-early-career-2025-at-figma-4002140721?position=1&pageNum=0&refId=obaDPtHWsE8p67rqwRRGcw%3D%3D&trackingId=mjIt5UuD2rTx%2FobImGSijg%3D%3D&trk=public_jobs_jserp-result_search-card
Software Engineer - Early Career (2025),Figma,"San Francisco, CA",https://www.linkedin.com/jobs/view/software-engineer-early-career-2025-at-figma-4002140722?position=2&pageNum=0&refId=obaDPtHWsE8p67rqwRRGcw%3D%3D&trackingId=Ty0StbRTKfxuWG5EmtjJmQ%3D%3D&trk=public_jobs_jserp-result_search-card
"Software Engineer, New Grad",Stripe,"San Francisco, CA",https://www.linkedin.com/jobs/view/software-engineer-new-grad-at-stripe-4008211698?position=3&pageNum=0&refId=obaDPtHWsE8p67rqwRRGcw%3D%3D&trackingId=dshOIxCSrpmk2n%2FLQ9%2FEgw%3D%3D&trk=public_jobs_jserp-result_search-card
Software Engineer - Early Career (2025),Figma,United States,https://www.linkedin.com/jobs/view/software-engineer-early-career-2025-at-figma-4002143171?position=4&pageNum=0&refId=obaDPtHWsE8p67rqwRRGcw%3D%3D&trackingId=s9r2pLv%2BJp3HcRZGqfB97g%3D%3D&trk=public_jobs_jserp-result_search-card
"Software Engineer, New Grad",Stripe,"Seattle, WA",https://www.linkedin.com/jobs/view/software-engineer-new-grad-at-stripe-4008209636?position=5&pageNum=0&refId=obaDPtHWsE8p67rqwRRGcw%3D%3D&trackingId=Fk5H%2Fh4Jz5uLBXaWDcrZwQ%3D%3D&trk=public_jobs_jserp-result_search-card
Software Engineer I,The Walt Disney Company,"Glendale, CA",https://www.linkedin.com/jobs/view/software-engineer-i-at-the-walt-disney-company-4012139068?position=6&pageNum=0&refId=obaDPtHWsE8p67rqwRRGcw%3D%3D&trackingId=LE7RlNhfq0lkPXd%2Fx%2BRMsg%3D%3D&trk=public_jobs_jserp-result_search-card
"Software Engineer, Intern",Duolingo,"Pittsburgh, PA",https://www.linkedin.com/jobs/view/software-engineer-intern-at-duolingo-4016219445?position=7&pageNum=0&refId=obaDPtHWsE8p67rqwRRGcw%3D%3D&trackingId=W8I2djOLCVg7H10u1SMasg%3D%3D&trk=public_jobs_jserp-result_search-card
"Software Engineer, New Grad (2025 Start)",Zip,"San Francisco, CA",https://www.linkedin.com/jobs/view/software-engineer-new-grad-2025-start-at-zip-4014022459?position=8&pageNum=0&refId=obaDPtHWsE8p67rqwRRGcw%3D%3D&trackingId=OpN0Cvmv7fEhb1L2o4OvGQ%3D%3D&trk=public_jobs_jserp-result_search-card
Software Engineer - New Graduate,Gecko Robotics,"Boston, MA",https://www.linkedin.com/jobs/view/software-engineer-new-graduate-at-gecko-robotics-4004965631?position=9&pageNum=0&refId=obaDPtHWsE8p67rqwRRGcw%3D%3D&trackingId=aEZnAiArpQRhQI80FRklBw%3D%3D&trk=public_jobs_jserp-result_search-card
Software Engineer (C++) â€“ 2025 Grads,Hudson River Trading,"New York, NY",https://www.linkedin.com/jobs/view/software-engineer-c%2B%2B-%E2%80%93-2025-grads-at-hudson-river-trading-4002177189?position=10&pageNum=0&refId=obaDPtHWsE8p67rqwRRGcw%3D%3D&trackingId=dhQYb0SipFRfmwneHLU%2BFQ%3D%3D&trk=public_jobs_jserp-result_search-card
"Software Engineer, Backend",Notion,"San Francisco, CA",https://www.linkedin.com/jobs/view/software-engineer-backend-at-notion-4012998076?position=11&pageNum=0&refId=obaDPtHWsE8p67rqwRRGcw%3D%3D&trackingId=dGDf%2FfThQdPkGb%2B2YTjMZg%3D%3D&trk=public_jobs_jserp-result_search-card
Software Engineer - New Grad,Scale AI,San Francisco Bay Area,https://www.linkedin.com/jobs/view/software-engineer-new-grad-at-scale-ai-4012940086?position=12&pageNum=0&refId=obaDPtHWsE8p67rqwRRGcw%3D%3D&trackingId=Nd6oorjcdyZPPkVlcKrz1w%3D%3D&trk=public_jobs_jserp-result_search-card
"Software engineer, new grad",Watershed,"San Francisco, CA",https://www.linkedin.com/jobs/view/software-engineer-new-grad-at-watershed-4012391714?position=13&pageNum=0&refId=obaDPtHWsE8p67rqwRRGcw%3D%3D&trackingId=VkuIoRYl%2FKOyQI5YoxVYaQ%3D%3D&trk=public_jobs_jserp-result_search-card
Software Engineer - University Grad,Glean,"Palo Alto, CA",https://www.linkedin.com/jobs/view/software-engineer-university-grad-at-glean-4008307104?position=14&pageNum=0&refId=obaDPtHWsE8p67rqwRRGcw%3D%3D&trackingId=2WjBv1qnmGomXd20H5ytLA%3D%3D&trk=public_jobs_jserp-result_search-card
"Software Engineer, 2025 New Grad",Whatnot,Los Angeles Metropolitan Area,https://www.linkedin.com/jobs/view/software-engineer-2025-new-grad-at-whatnot-4013818804?position=15&pageNum=0&refId=obaDPtHWsE8p67rqwRRGcw%3D%3D&trackingId=NOKp6VibImBAjWDxCL6zTA%3D%3D&trk=public_jobs_jserp-result_search-card
Software Engineer (New Grad),Axle Health,"Los Angeles, CA",https://www.linkedin.com/jobs/view/software-engineer-new-grad-at-axle-health-4007052098?position=16&pageNum=0&refId=obaDPtHWsE8p67rqwRRGcw%3D%3D&trackingId=Z7YzFQoO7JfQqU2BZQTwng%3D%3D&trk=public_jobs_jserp-result_search-card
Software Engineer - New Grad,Applied Intuition,"Mountain View, CA",https://www.linkedin.com/jobs/view/software-engineer-new-grad-at-applied-intuition-4005765396?position=17&pageNum=0&refId=obaDPtHWsE8p67rqwRRGcw%3D%3D&trackingId=%2BFoVi7vKJgS%2BHO%2FQfTghKg%3D%3D&trk=public_jobs_jserp-result_search-card
Software Engineer,Flip,"Brooklyn, NY",https://www.linkedin.com/jobs/view/software-engineer-at-flip-4012316689?position=18&pageNum=0&refId=obaDPtHWsE8p67rqwRRGcw%3D%3D&trackingId=tX4rHcIQtPsg8qJKePxChA%3D%3D&trk=public_jobs_jserp-result_search-card
Software Developer - Entry Level,CGI,"New Brunswick, NJ",https://www.linkedin.com/jobs/view/software-developer-entry-level-at-cgi-4010727225?position=19&pageNum=0&refId=obaDPtHWsE8p67rqwRRGcw%3D%3D&trackingId=CMp0tRvOYh35wJ9vyLI2xQ%3D%3D&trk=public_jobs_jserp-result_search-card
"Software Engineer, Search",Notion,"New York, NY",https://www.linkedin.com/jobs/view/software-engineer-search-at-notion-4002219029?position=20&pageNum=0&refId=obaDPtHWsE8p67rqwRRGcw%3D%3D&trackingId=398mOFtRPykhYFHRkBCb%2BQ%3D%3D&trk=public_jobs_jserp-result_search-card
Software Engineer I (Full Time) United States,Cisco,"San Jose, CA",https://www.linkedin.com/jobs/view/software-engineer-i-full-time-united-states-at-cisco-4011589458?position=21&pageNum=0&refId=obaDPtHWsE8p67rqwRRGcw%3D%3D&trackingId=bRnWMeVDgIGeK%2F6o6b7WUw%3D%3D&trk=public_jobs_jserp-result_search-card
Software Engineer - Early Career,Datadog,"New York, NY",https://www.linkedin.com/jobs/view/software-engineer-early-career-at-datadog-4016983392?position=22&pageNum=0&refId=obaDPtHWsE8p67rqwRRGcw%3D%3D&trackingId=bTz%2Fe2fbZjXgYEowcVACqg%3D%3D&trk=public_jobs_jserp-result_search-card
Junior Software Developer(Remote),SynergisticIT,"Dallas, TX",https://www.linkedin.com/jobs/view/junior-software-developer-remote-at-synergisticit-4013644674?position=23&pageNum=0&refId=obaDPtHWsE8p67rqwRRGcw%3D%3D&trackingId=gv02d3DhFx3xCoCjdJ1Qlg%3D%3D&trk=public_jobs_jserp-result_search-card
Software Developer - Entry Level,CGI,"Lebanon, VA",https://www.linkedin.com/jobs/view/software-developer-entry-level-at-cgi-4010928358?position=24&pageNum=0&refId=obaDPtHWsE8p67rqwRRGcw%3D%3D&trackingId=mRdjcaAlcGF6ec0g3Wg%2Fvw%3D%3D&trk=public_jobs_jserp-result_search-card
Junior Full-Stack Developer,SynergisticIT,"Cambridge, MA",https://www.linkedin.com/jobs/view/junior-full-stack-developer-at-synergisticit-4015274535?position=25&pageNum=0&refId=obaDPtHWsE8p67rqwRRGcw%3D%3D&trackingId=gZI%2BbUh8vJfjAp8cE8jsbw%3D%3D&trk=public_jobs_jserp-result_search-card
Software Engineer,Fay,"San Francisco, CA",https://www.linkedin.com/jobs/view/software-engineer-at-fay-4011741913?position=26&pageNum=0&refId=obaDPtHWsE8p67rqwRRGcw%3D%3D&trackingId=2yxSGF4OlKI2QnRQsEM6FA%3D%3D&trk=public_jobs_jserp-result_search-card
Software Developer -- Entry Level,CGI,"Atlanta, GA",https://www.linkedin.com/jobs/view/software-developer-entry-level-at-cgi-4010727229?position=27&pageNum=0&refId=obaDPtHWsE8p67rqwRRGcw%3D%3D&trackingId=aC785DM1h72HyUElaUNPSg%3D%3D&trk=public_jobs_jserp-result_search-card
Software Engineer - New College Graduate,Vectra AI,"Austin, TX",https://www.linkedin.com/jobs/view/software-engineer-new-college-graduate-at-vectra-ai-4007107428?position=28&pageNum=0&refId=obaDPtHWsE8p67rqwRRGcw%3D%3D&trackingId=jQmHb9r685nSDxjNTxH0SA%3D%3D&trk=public_jobs_jserp-result_search-card
Software Developer - Entry Level,CGI,"Fairfax, VA",https://www.linkedin.com/jobs/view/software-developer-entry-level-at-cgi-4010723697?position=29&pageNum=0&refId=obaDPtHWsE8p67rqwRRGcw%3D%3D&trackingId=Gi3lJ5ZmhHMzxlpkmuiw3Q%3D%3D&trk=public_jobs_jserp-result_search-card
Software Development Engineer I,American Express Global Business Travel,"Chicago, IL",https://www.linkedin.com/jobs/view/software-development-engineer-i-at-american-express-global-business-travel-4006091938?position=30&pageNum=0&refId=obaDPtHWsE8p67rqwRRGcw%3D%3D&trackingId=JaK%2Bt5udIoCI5bhA7OjfIw%3D%3D&trk=public_jobs_jserp-result_search-card
Software Engineering Intern - Undergraduate,LinkedIn,"Mountain View, CA",https://www.linkedin.com/jobs/view/software-engineering-intern-undergraduate-at-linkedin-4014178595?position=31&pageNum=0&refId=obaDPtHWsE8p67rqwRRGcw%3D%3D&trackingId=cKMN4c9BW9IpvD989%2FQX4Q%3D%3D&trk=public_jobs_jserp-result_search-card
Software Engineer (Multiple Positions & Levels),Yobi AI,United States,https://www.linkedin.com/jobs/view/software-engineer-multiple-positions-levels-at-yobi-ai-4010722585?position=32&pageNum=0&refId=obaDPtHWsE8p67rqwRRGcw%3D%3D&trackingId=EXw8raiDImWLcvajCPuPpg%3D%3D&trk=public_jobs_jserp-result_search-card
Software Engineer 1 - Full Stack,Inhabitr,"Milpitas, CA",https://www.linkedin.com/jobs/view/software-engineer-1-full-stack-at-inhabitr-4010215974?position=33&pageNum=0&refId=obaDPtHWsE8p67rqwRRGcw%3D%3D&trackingId=MwexSF6yTI6ydqFzdp7ytA%3D%3D&trk=public_jobs_jserp-result_search-card
Software Engineer,Remi,"Lehi, UT",https://www.linkedin.com/jobs/view/software-engineer-at-remi-4009355605?position=34&pageNum=0&refId=obaDPtHWsE8p67rqwRRGcw%3D%3D&trackingId=AOiJ12d3E%2FbH5hNioCd7Jg%3D%3D&trk=public_jobs_jserp-result_search-card
Software Engineer - New Grad,ZipRecruiter,"Santa Monica, CA",https://www.linkedin.com/jobs/view/software-engineer-new-grad-at-ziprecruiter-4015527401?position=35&pageNum=0&refId=obaDPtHWsE8p67rqwRRGcw%3D%3D&trackingId=fQmO2JdmNtJJv7AVnDpaYA%3D%3D&trk=public_jobs_jserp-result_search-card
Full-Stack Developer Intern,Direqt,"Washington, United States",https://www.linkedin.com/jobs/view/full-stack-developer-intern-at-direqt-4014024778?position=36&pageNum=0&refId=obaDPtHWsE8p67rqwRRGcw%3D%3D&trackingId=d75BxP1KkA3LkvRJrpE1uQ%3D%3D&trk=public_jobs_jserp-result_search-card
Software Engineer (all levels),Pomelo Care,United States,https://www.linkedin.com/jobs/view/software-engineer-all-levels-at-pomelo-care-4003556753?position=37&pageNum=0&refId=obaDPtHWsE8p67rqwRRGcw%3D%3D&trackingId=zEL1kRkv969xizOqqLoaeg%3D%3D&trk=public_jobs_jserp-result_search-card
Remote Software Developer - Entry/Junior,SynergisticIT,"Durham, NC",https://www.linkedin.com/jobs/view/remote-software-developer-entry-junior-at-synergisticit-4015272946?position=38&pageNum=0&refId=obaDPtHWsE8p67rqwRRGcw%3D%3D&trackingId=%2FVIN464L0XhGbIx1VM1myg%3D%3D&trk=public_jobs_jserp-result_search-card
"Software Engineer Intern, Summer 2025",Whatnot,Los Angeles Metropolitan Area,https://www.linkedin.com/jobs/view/software-engineer-intern-summer-2025-at-whatnot-4013822340?position=39&pageNum=0&refId=obaDPtHWsE8p67rqwRRGcw%3D%3D&trackingId=zUJG1Eb3K3Fhine0IDc6AQ%3D%3D&trk=public_jobs_jserp-result_search-card
Software Developer - Entry Level,CGI,"Westerville, OH",https://www.linkedin.com/jobs/view/software-developer-entry-level-at-cgi-4011786932?position=40&pageNum=0&refId=obaDPtHWsE8p67rqwRRGcw%3D%3D&trackingId=V6Sf3TDyH9zMiDjTlVZnJA%3D%3D&trk=public_jobs_jserp-result_search-card
Junior Software Engineer,Lightspeed Systems,"Austin, TX",https://www.linkedin.com/jobs/view/junior-software-engineer-at-lightspeed-systems-4013290607?position=41&pageNum=0&refId=obaDPtHWsE8p67rqwRRGcw%3D%3D&trackingId=leHIoI9zZGtfFwd8f5Ihww%3D%3D&trk=public_jobs_jserp-result_search-card
2025 University Graduate - Software Engineer,Adobe,"New York, NY",https://www.linkedin.com/jobs/view/2025-university-graduate-software-engineer-at-adobe-4012367135?position=42&pageNum=0&refId=obaDPtHWsE8p67rqwRRGcw%3D%3D&trackingId=rctTNHTclrI3dmcEmjBekg%3D%3D&trk=public_jobs_jserp-result_search-card
Software Engineer - Early Career,Datadog,"Boston, MA",https://www.linkedin.com/jobs/view/software-engineer-early-career-at-datadog-4016983391?position=43&pageNum=0&refId=obaDPtHWsE8p67rqwRRGcw%3D%3D&trackingId=gnbFTvX8lBLAE2Zh%2BoMCCQ%3D%3D&trk=public_jobs_jserp-result_search-card
Software Developer - Entry Level,CGI,"Strongsville, OH",https://www.linkedin.com/jobs/view/software-developer-entry-level-at-cgi-4011790104?position=44&pageNum=0&refId=obaDPtHWsE8p67rqwRRGcw%3D%3D&trackingId=vcgjMtbekdO7%2Bn3K8suCUg%3D%3D&trk=public_jobs_jserp-result_search-card
Junior React Developer,HireMeFast LLC,"Jersey City, NJ",https://www.linkedin.com/jobs/view/junior-react-developer-at-hiremefast-llc-4014928060?position=45&pageNum=0&refId=obaDPtHWsE8p67rqwRRGcw%3D%3D&trackingId=rYJEJtV2VqZOHqpurXoYDw%3D%3D&trk=public_jobs_jserp-result_search-card
Software Developer -- Entry Level,CGI,"Nashville, TN",https://www.linkedin.com/jobs/view/software-developer-entry-level-at-cgi-4010723698?position=46&pageNum=0&refId=obaDPtHWsE8p67rqwRRGcw%3D%3D&trackingId=ByjHWm22m7yZnx4jR2MJOw%3D%3D&trk=public_jobs_jserp-result_search-card
Junior Software Developer,ARSIEM Corporation,"Maryland, United States",https://www.linkedin.com/jobs/view/junior-software-developer-at-arsiem-corporation-4016648736?position=47&pageNum=0&refId=obaDPtHWsE8p67rqwRRGcw%3D%3D&trackingId=XQB6%2Bervra%2FEGG7g2fOpcQ%3D%3D&trk=public_jobs_jserp-result_search-card
"Software Engineer, Web",UnitedMasters,"Brooklyn, NY",https://www.linkedin.com/jobs/view/software-engineer-web-at-unitedmasters-4010623078?position=48&pageNum=0&refId=obaDPtHWsE8p67rqwRRGcw%3D%3D&trackingId=2wW6IM7qg5MtHIYY6rhhYQ%3D%3D&trk=public_jobs_jserp-result_search-card
Junior Web Developer,Bloomingdale's,"New York, NY",https://www.linkedin.com/jobs/view/junior-web-developer-at-bloomingdale-s-4011806812?position=49&pageNum=0&refId=obaDPtHWsE8p67rqwRRGcw%3D%3D&trackingId=JDlirKv2akpTfdcgQMZ1GQ%3D%3D&trk=public_jobs_jserp-result_search-card
Software Developer - Entry Level,CGI,"Charleston, SC",https://www.linkedin.com/jobs/view/software-developer-entry-level-at-cgi-4010923895?position=50&pageNum=0&refId=obaDPtHWsE8p67rqwRRGcw%3D%3D&trackingId=b9P1GJS8PHqFIEVQj0PMWw%3D%3D&trk=public_jobs_jserp-result_search-card
Software Developer -- Entry Level,CGI,"Richmond, VA",https://www.linkedin.com/jobs/view/software-developer-entry-level-at-cgi-4010727239?position=51&pageNum=0&refId=obaDPtHWsE8p67rqwRRGcw%3D%3D&trackingId=tH%2FYUvEFHtEJfK6VrC%2BJsw%3D%3D&trk=public_jobs_jserp-result_search-card
Software Developer - Entry Level,CGI,"Pittsburgh, PA",https://www.linkedin.com/jobs/view/software-developer-entry-level-at-cgi-4011787725?position=52&pageNum=0&refId=obaDPtHWsE8p67rqwRRGcw%3D%3D&trackingId=O1%2Bx%2BYPPUX4jKMnUYG82sA%3D%3D&trk=public_jobs_jserp-result_search-card
Graduate Software Developer (Available 2025),Arup,"Los Angeles, CA",https://www.linkedin.com/jobs/view/graduate-software-developer-available-2025-at-arup-4016660880?position=53&pageNum=0&refId=obaDPtHWsE8p67rqwRRGcw%3D%3D&trackingId=g1ivl04fVo6k%2FB%2BEQQNTxw%3D%3D&trk=public_jobs_jserp-result_search-card
"Software engineer, intern",Watershed,"San Francisco, CA",https://www.linkedin.com/jobs/view/software-engineer-intern-at-watershed-4012393481?position=54&pageNum=0&refId=obaDPtHWsE8p67rqwRRGcw%3D%3D&trackingId=1LhzFEfFE6IkCObRFs2Zcw%3D%3D&trk=public_jobs_jserp-result_search-card
Software Engineer I (Full Time) United States,Cisco,"Raleigh, NC",https://www.linkedin.com/jobs/view/software-engineer-i-full-time-united-states-at-cisco-4010684090?position=55&pageNum=0&refId=obaDPtHWsE8p67rqwRRGcw%3D%3D&trackingId=QqG3V0lnPcaf3azKGbLifA%3D%3D&trk=public_jobs_jserp-result_search-card
Software Engineer,Twitch,"New York, NY",https://www.linkedin.com/jobs/view/software-engineer-at-twitch-4008308974?position=56&pageNum=0&refId=obaDPtHWsE8p67rqwRRGcw%3D%3D&trackingId=YAFHgYDupoxOaJ1pU%2FFjGw%3D%3D&trk=public_jobs_jserp-result_search-card
"Software Engineer, Web",UnitedMasters,"San Francisco, CA",https://www.linkedin.com/jobs/view/software-engineer-web-at-unitedmasters-4010621484?position=57&pageNum=0&refId=obaDPtHWsE8p67rqwRRGcw%3D%3D&trackingId=D02PFpB69uu3Ysjz8eZmmQ%3D%3D&trk=public_jobs_jserp-result_search-card
2025 University Graduate - Software Engineer,Adobe,"San Francisco, CA",https://www.linkedin.com/jobs/view/2025-university-graduate-software-engineer-at-adobe-4012332154?position=58&pageNum=0&refId=obaDPtHWsE8p67rqwRRGcw%3D%3D&trackingId=O%2BG6d0IF9QLi7HZGFZRBMA%3D%3D&trk=public_jobs_jserp-result_search-card
Entry Level Software Developer (Remote),SynergisticIT,"Portland, OR",https://www.linkedin.com/jobs/view/entry-level-software-developer-remote-at-synergisticit-4001896775?position=59&pageNum=0&refId=obaDPtHWsE8p67rqwRRGcw%3D%3D&trackingId=0lpyif2fc5e3xONTkyx8RQ%3D%3D&trk=public_jobs_jserp-result_search-card
Front-End Engineer,Amazon Web Services (AWS),"New Jersey, United States",https://www.linkedin.com/jobs/view/front-end-engineer-at-amazon-web-services-aws-4012650133?position=60&pageNum=0&refId=obaDPtHWsE8p67rqwRRGcw%3D%3D&trackingId=xM4fYFU3BWSXQ%2FwZ1mDwtg%3D%3D&trk=public_jobs_jserp-result_search-card
